id,first_name,last_name,birth_date,gender,department,registered,year
1,Gratia,Larway,03/07/1997,false,MATH,2022,1
2,Hillyer,Birts,27/12/1972,true,MATH,2018,4
3,Kassi,Faloon,29/04/1992,true,MATH,2017,4
4,Brockie,Caston,30/09/1994,true,MATH,2019,4
5,Perle,Bunclark,19/06/2001,false,MATH,2020,3
6,Ebonee,Zanni,11/02/1992,true,MATH,2016,5
7,Darb,Theuss,13/03/1980,false,MATH,2021,1
8,Carolin,Viggers,19/01/1982,true,MATH,2020,3
9,Stephanie,Clayson,28/06/1989,false,MATH,2017,5
10,Cecil,Blazewicz,25/12/1988,false,MATH,2022,1
11,Jerrilee,Hughs,13/05/1976,true,MATH,2019,4
12,Anne,Le Frank,23/04/2003,true,MATH,2020,3
13,Warde,Danihel,06/05/1989,false,MATH,2019,4
14,Terrill,McCory,04/11/2001,true,MATH,2019,2
15,Rex,Scullard,07/07/1987,false,MATH,2018,4
16,Raimundo,Boame,20/05/1973,false,MATH,2019,4
17,Stewart,Dickie,24/06/1991,false,MATH,2017,4
18,Ruddie,Voas,15/03/1976,false,MATH,2018,3
19,Celesta,Killbey,22/03/1970,true,MATH,2017,4
20,Maxwell,Leffek,26/01/1998,false,MATH,2019,4
21,Maggee,Chyuerton,02/08/1988,false,MATH,2018,4
22,Karoly,Poate,07/12/1974,false,MATH,2018,3
23,Dulciana,Hanretty,05/03/1987,true,MATH,2019,2
24,Niles,Schollar,18/04/1983,true,MATH,2019,2
25,Helaine,Coppenhall,27/03/2004,true,MATH,2021,2
26,Aurore,Oury,16/01/1986,true,MATH,2020,2
27,Orland,Featherstonhaugh,26/06/1971,false,MATH,2020,2
28,Giselbert,Peoples,10/05/2001,true,MATH,2019,4
29,Nerissa,Fagence,09/01/1987,false,MATH,2020,1
30,Elbertine,Streeten,31/03/1983,true,MATH,2019,3
31,Colman,Breward,13/09/1976,true,MATH,2022,1
32,Sella,Zamorrano,13/02/1995,false,MATH,2018,5
33,Fina,Checchi,18/05/1983,false,MATH,2019,2
34,Sharleen,Ronisch,06/05/2000,true,MATH,2017,4
35,Delia,Trosdall,20/02/1995,true,MATH,2021,2
36,Ludovico,Oulett,10/12/1994,true,MATH,2018,5
37,Magnum,McCook,14/04/1990,true,MATH,2020,3
38,Tomi,MacIntyre,31/10/1977,true,MATH,2018,5
39,Desiri,Swindell,30/12/1974,true,MATH,2019,3
40,Wallas,Morad,06/08/1985,false,MATH,2016,5
41,Caryl,Ulrik,25/06/1982,true,MATH,2019,4
42,Chantal,Gorusso,03/10/1991,true,MATH,2019,3
43,Kyrstin,Rubie,04/04/1979,false,MATH,2021,2
44,Arlyne,Coppen,23/02/1990,false,MATH,2022,1
45,Donal,Juara,14/03/1977,false,MATH,2021,1
46,Mathian,Formby,06/07/1999,false,MATH,2018,3
47,Bab,Christie,04/06/1971,true,MATH,2017,4
48,Shirlee,Merrick,28/07/1976,true,MATH,2021,2
49,Clari,Craggs,29/07/1970,false,MATH,2021,2
50,Maggy,Judkin,01/04/1982,true,MATH,2018,3
51,Hilary,McBlain,14/12/2000,false,MATH,2019,3
52,Helenka,Hinge,25/03/1994,false,MATH,2020,3
53,Raff,Anten,04/10/1972,true,MATH,2021,2
54,Tirrell,Wilmington,03/04/2004,false,MATH,2021,2
55,Allan,Ruffell,01/08/2005,false,MATH,2021,1
56,Corella,Hurch,10/03/1986,true,MATH,2020,3
57,Chane,Carillo,05/07/1982,false,MATH,2019,3
58,Collette,Beedom,28/09/1974,true,MATH,2020,1
59,Tessa,Stigers,23/06/1983,true,MATH,2017,4
60,Harald,Chappel,26/09/1989,false,MATH,2021,1
61,Marjorie,Trenear,08/03/1971,false,MATH,2020,2
62,Wilmer,Domenici,26/01/1981,false,MATH,2021,1
63,Waneta,Andreassen,16/02/1989,false,MATH,2019,3
64,Terri,MacLaughlin,07/03/2002,false,MATH,2021,1
65,Travus,Wallbutton,01/05/1996,false,MATH,2019,4
66,Kassia,Tidbold,18/05/1985,true,MATH,2018,3
67,Dermot,Milvarnie,25/03/1974,true,MATH,2018,3
68,Rodi,Enoch,17/04/1995,false,MATH,2019,3
69,Lacey,Hollingsby,30/03/1991,false,MATH,2017,5
70,Markus,Stote,28/06/2002,false,MATH,2022,1
71,Kiel,Aisman,30/01/1970,true,MATH,2018,3
72,Forbes,Yemm,30/06/1993,true,MATH,2018,3
73,Alfonso,Rawlins,22/03/1974,true,MATH,2021,1
74,Joscelin,Messer,13/10/1971,true,MATH,2017,4
75,Deeyn,Dallender,16/05/1976,false,MATH,2016,5
76,Becki,Leverette,14/01/1978,false,MATH,2018,4
77,Velvet,Van der Velden,25/12/1976,true,MATH,2017,4
78,Ambrosio,Nanson,15/10/1986,true,MATH,2017,4
79,Blinnie,Glassford,12/11/1972,false,MATH,2018,5
80,Jonathon,Tulip,21/08/2001,false,MATH,2018,4
81,Laurie,Musgrove,30/11/1999,true,MATH,2021,1
82,Alfie,Dawtrey,27/01/1979,true,MATH,2018,4
83,Vania,Agnew,22/03/1980,true,MATH,2020,2
84,Rosette,Craven,29/11/1972,false,MATH,2020,1
85,Reinhard,Casoni,28/08/1994,true,MATH,2019,3
86,Joanie,Matussevich,04/05/1979,false,MATH,2020,2
87,Gunilla,Beyn,20/05/1994,false,MATH,2020,2
88,Gilberta,Abade,12/01/1979,true,MATH,2018,4
89,Gareth,Ibarra,06/11/1992,false,MATH,2022,1
90,Fax,Farrall,08/11/1975,true,MATH,2017,5
91,Corabelle,Buncher,04/11/2002,true,MATH,2020,2
92,Shalne,Molan,07/06/2004,false,MATH,2020,3
93,Melvyn,Boughtwood,24/01/1973,true,MATH,2019,3
94,Natal,Aynsley,28/08/2000,true,MATH,2022,1
95,Cordelia,Cupper,16/08/2000,true,MATH,2020,3
96,Nessa,Bum,20/10/1984,false,MATH,2017,5
97,Anthony,Morat,16/01/1975,true,MATH,2021,2
98,Kienan,Oneile,07/11/2000,false,MATH,2021,1
99,Jareb,Tomei,26/10/1971,true,MATH,2016,5
100,Culver,Fane,29/04/1975,false,MATH,2019,3
101,Faye,Jarmain,24/01/1978,true,MATH,2021,1
102,Eddie,McRill,13/01/1993,false,MATH,2019,4
103,Lindsay,Newiss,17/07/1993,true,MATH,2021,1
104,Angele,Godthaab,06/05/1977,false,MATH,2018,3
105,Swen,Jury,26/11/1970,true,MATH,2016,5
106,Kellby,Khomin,09/02/1992,false,MATH,2020,1
107,Alberta,Mulcaster,09/01/1999,true,MATH,2019,3
108,Alexio,Grigorushkin,12/01/1989,true,MATH,2019,2
109,Adlai,Kneath,04/08/1981,true,MATH,2018,3
110,Austine,Beel,07/12/2004,false,MATH,2020,3
111,Chalmers,Selby,14/11/1983,true,MATH,2018,5
112,Iris,Lindwasser,09/06/1998,false,MATH,2019,4
113,Jacinthe,Manjot,31/07/1999,true,MATH,2019,3
114,Teirtza,Hulse,05/12/1985,true,MATH,2016,5
115,Torrance,Dyka,06/02/1996,false,MATH,2021,1
116,Mandi,Leeburne,16/09/1982,false,MATH,2016,5
117,Minnaminnie,Learmouth,24/12/1985,true,MATH,2020,2
118,Ofelia,Gibbett,14/12/1974,false,MATH,2019,2
119,Salaidh,Eseler,12/11/1994,false,MATH,2021,1
120,Henry,Burgess,07/02/2002,false,MATH,2021,1
121,Meryl,Tschursch,20/06/1970,false,MATH,2020,2
122,Carly,Witheford,30/07/1978,true,MATH,2017,4
123,Brandi,Abrehart,22/10/1974,false,MATH,2020,1
124,Clayson,Pitney,13/09/1987,true,MATH,2016,5
125,Shandee,Rosenberg,20/01/1987,true,MATH,2022,1
126,Jessee,Vankov,02/02/1980,false,MATH,2020,2
127,Chrissy,Wiltshear,09/12/1995,true,MATH,2020,2
128,Francisca,Drillingcourt,12/03/2000,false,MATH,2018,5
129,Matty,O'Sheerin,06/10/1980,false,MATH,2021,2
130,Giffer,Aston,26/03/1984,true,MATH,2018,4
131,Vachel,Tibbetts,05/03/1998,true,MATH,2020,1
132,Kristofor,Sauter,07/10/1988,false,MATH,2018,4
133,Ginni,Danielski,10/06/1982,true,MATH,2019,3
134,Kasper,Speeks,07/08/1990,true,MATH,2020,2
135,Stormie,Dummigan,08/08/1977,true,MATH,2017,5
136,Fiona,Stivers,04/01/1984,true,MATH,2020,3
137,Guinna,Jullian,16/11/1992,true,MATH,2021,2
138,Donaugh,Chataignier,19/11/2002,true,MATH,2019,2
139,Rosa,Dickings,14/11/2005,true,MATH,2021,1
140,Bard,Rubberts,14/04/1986,true,MATH,2020,2
141,Renaud,Boldecke,15/08/2004,true,MATH,2020,3
142,Cos,Horwell,30/05/1983,true,MATH,2021,1
143,Shirl,Sharplin,07/05/1997,true,MATH,2017,4
144,Terese,McShea,06/12/1970,false,MATH,2019,4
145,Nert,McDuffie,09/06/1973,false,MATH,2021,1
146,Elisha,Arundell,02/03/1983,true,MATH,2020,1
147,Brennen,Peterken,25/11/1973,false,MATH,2020,3
148,Anthe,Dacres,18/03/1996,false,MATH,2018,3
149,Sukey,Morston,30/10/2002,false,MATH,2018,4
150,Eugenius,McIlory,23/02/1976,true,MATH,2020,3
151,Taddeo,McChesney,13/05/1980,true,MATH,2016,5
152,Florri,Pooke,30/04/2005,false,MATH,2021,1
153,Evita,Wigginton,31/07/1974,true,MATH,2020,3
154,Sherrie,Karpe,24/01/1988,false,MATH,2017,5
155,Wallis,Kennaird,18/11/1978,true,MATH,2019,4
156,Mason,Dewberry,30/05/1981,false,MATH,2018,3
157,Odette,Fandrey,12/11/2004,true,MATH,2020,3
158,Arron,Grelik,21/09/1990,false,MATH,2019,2
159,Amory,Soro,05/08/2004,true,MATH,2020,2
160,Frieda,Ramsden,31/10/1992,false,MATH,2018,5
161,Brier,Chipman,08/01/1971,false,MATH,2018,3
162,Shane,Tather,15/07/1977,true,MATH,2019,4
163,Gianna,Pauletti,27/11/1995,true,MATH,2018,4
164,Cate,O'Hartnett,27/12/1979,false,MATH,2019,3
165,Shalna,Jobb,26/01/1970,false,MATH,2019,4
166,Elwira,Carey,11/04/1999,true,MATH,2021,2
167,Cosme,Aizic,25/06/1991,false,MATH,2016,5
168,Chaim,Pickerin,26/08/1997,true,MATH,2017,5
169,Ive,Sawdy,10/10/1993,false,MATH,2020,1
170,Jasmin,Lough,09/01/1990,true,MATH,2019,3
171,Moll,MacAree,22/08/1983,true,MATH,2020,1
172,Berrie,Conlaund,17/10/2004,true,MATH,2021,2
173,Anett,Mitton,10/04/1980,true,MATH,2022,1
174,Benn,Leaton,02/12/1996,true,MATH,2017,5
175,Brew,Vigneron,05/07/2001,false,MATH,2020,2
176,Cassius,Chesney,20/02/1990,true,MATH,2021,2
177,Dulcine,Walduck,12/12/2005,true,MATH,2021,2
178,Ivory,Karlsson,25/03/2004,false,MATH,2020,3
179,Merline,Gerb,30/06/1996,false,MATH,2019,4
180,Roselle,Goddard,25/12/2000,true,MATH,2016,5
181,Melloney,Albon,14/02/1982,true,MATH,2016,5
182,Kathie,Heindl,16/11/1979,false,MATH,2019,2
183,Brod,Graeme,26/02/1988,false,MATH,2018,3
184,Sunny,Josefsson,04/06/1996,false,MATH,2019,2
185,Madalyn,Tanslie,09/10/1997,false,MATH,2021,1
186,Jacqueline,Thireau,22/02/1988,false,MATH,2020,2
187,Genia,Tolomei,14/10/2002,true,MATH,2020,1
188,Farrah,Syddie,06/06/1990,false,MATH,2019,2
189,Sascha,McJarrow,20/01/1988,false,MATH,2019,4
190,Ashlan,Mantz,28/04/1979,true,MATH,2020,3
191,Danica,Hillhouse,20/03/1976,false,MATH,2017,4
192,Mirna,MacCook,15/04/1999,false,MATH,2020,2
193,Rea,Fadian,09/09/1986,true,MATH,2021,1
194,Kassi,Shackleford,27/11/2004,false,MATH,2021,2
195,Alvie,Satterthwaite,09/06/1985,false,MATH,2021,2
196,Curr,Rabat,01/05/1986,false,MATH,2020,1
197,Tisha,Presshaugh,19/04/1995,false,MATH,2018,5
198,Maximilien,Delieu,29/10/2000,false,MATH,2020,2
199,Benedetto,Spurdens,03/08/1970,false,MATH,2021,1
200,Kellina,Enric,01/09/1994,false,MATH,2021,2
201,Kally,Mullinger,17/11/1970,false,MATH,2020,2
202,Ingeborg,Parmley,26/11/1997,false,MATH,2019,3
203,Elwira,MacPeake,17/04/1997,true,MATH,2018,4
204,Cobby,Ovenden,23/01/2002,false,MATH,2018,5
205,Vinny,Canny,13/09/2002,false,MATH,2019,2
206,Emili,Theyer,29/04/1995,false,MATH,2020,3
207,Grady,Skene,07/06/2004,true,MATH,2020,1
208,Merl,Forrestor,11/02/1979,true,MATH,2018,5
209,Wes,Ullett,11/11/1994,false,MATH,2018,3
210,Ericha,Fyfield,27/02/1987,true,MATH,2017,5
211,Simon,Foch,19/03/2000,false,MATH,2018,3
212,Nadya,O' Hanvey,15/12/1982,true,MATH,2018,3
213,Ailene,Freebury,01/10/2003,true,MATH,2022,1
214,Elna,Houlton,20/09/1985,true,MATH,2019,3
215,Waverley,Cleator,02/05/1988,false,MATH,2019,2
216,Erastus,Stirzaker,20/05/1991,true,MATH,2019,3
217,Brittan,Ziem,15/11/1977,false,MATH,2018,5
218,Lamont,Abrahamian,02/07/1987,false,MATH,2018,4
219,Rani,Shegog,11/03/1983,true,MATH,2017,4
220,Gretta,MacGeffen,10/06/2001,false,MATH,2017,5
221,Bambie,Kilrow,04/11/1984,false,MATH,2020,2
222,Hermy,Navein,22/10/1994,true,MATH,2022,1
223,Alejandra,Attwoull,20/12/1971,true,MATH,2018,3
224,Robert,Nichol,03/06/1971,true,MATH,2018,4
225,Jodie,Woodbridge,17/12/1979,false,MATH,2021,2
226,Risa,Mustoe,09/07/1996,true,MATH,2020,1
227,Eberhard,Stapley,22/03/1993,false,MATH,2020,1
228,Gerrie,Hearst,30/11/1994,false,MATH,2019,3
229,Em,Marsden,10/05/1984,true,MATH,2019,4
230,Brittaney,Kless,04/01/1991,false,MATH,2018,5
231,Rosemary,Grandison,29/07/1998,false,MATH,2020,2
232,Bjorn,Toffel,03/08/2002,false,MATH,2018,3
233,Ken,Tortoise,05/02/1995,true,MATH,2019,4
234,Alica,Chastagnier,03/12/2001,false,MATH,2020,1
235,Korie,Mandel,13/03/1971,false,MATH,2019,3
236,Jolyn,MacElharge,01/03/1986,true,MATH,2017,4
237,Babb,Ballham,08/05/1988,false,MATH,2019,2
238,Tristam,Champagne,05/08/1996,true,MATH,2020,1
239,Dorri,Chavey,26/10/2001,true,MATH,2020,3
240,Shanie,Duthy,29/06/1975,true,MATH,2018,5
241,Ingram,Olivetti,09/02/1984,false,MATH,2019,3
242,Zeb,Paulus,28/04/1990,false,MATH,2018,4
243,Annissa,Ladbrook,13/07/1984,true,MATH,2018,3
244,Jo,Asche,24/11/1973,false,MATH,2017,4
245,Giulio,Procter,14/06/1986,false,MATH,2019,3
246,Milo,Behnecke,21/03/1981,true,MATH,2020,2
247,Tammy,Kelleher,06/03/1996,true,MATH,2019,3
248,Bonnie,MacHoste,15/10/1993,false,MATH,2019,3
249,Frans,Pridding,04/11/1976,true,MATH,2017,5
250,Tiphany,Worral,29/03/1984,true,MATH,2022,1
251,Paquito,Hallows,25/06/1997,false,INF,2018,4
252,Alana,Skates,04/05/1972,false,INF,2020,3
253,Court,Guerrieri,12/10/1989,true,INF,2020,1
254,Marcelline,Gauntlett,29/11/1995,false,INF,2017,5
255,Cyndia,Schistl,16/10/1989,false,INF,2017,4
256,Natalina,Halkyard,02/02/1986,true,INF,2018,3
257,Marten,Fullerlove,15/05/1987,true,INF,2019,4
258,Jemie,Innocent,02/03/2002,false,INF,2019,4
259,Romona,Pantry,07/12/1975,false,INF,2021,1
260,Stephi,Mil,29/08/1973,true,INF,2020,2
261,Carmon,Turmel,19/01/1990,true,INF,2018,4
262,Sibel,Bailie,02/10/1997,false,INF,2017,5
263,Lu,Horsey,04/03/1991,true,INF,2021,1
264,Rosa,Budd,15/10/1990,true,INF,2016,5
265,Vassili,Leyre,02/02/2003,true,INF,2022,1
266,Dallon,Drinkall,08/02/1993,false,INF,2018,3
267,Scarlet,Hunsworth,18/05/2005,true,INF,2021,2
268,Pennie,Serris,04/06/1980,false,INF,2021,2
269,Jori,Sowerbutts,15/10/1994,false,INF,2020,3
270,Auroora,Parham,18/03/1981,false,INF,2021,2
271,Penelopa,Ahrendsen,13/03/1990,true,INF,2022,1
272,Ibby,Stockton,06/07/2004,false,INF,2020,2
273,Wittie,Dalgety,12/02/1994,false,INF,2016,5
274,Wendeline,Bunford,27/09/2004,true,INF,2020,2
275,Mitchell,Di Dello,07/08/1981,true,INF,2020,2
276,Marcia,Cawse,07/09/1980,true,INF,2020,3
277,Hillary,Penas,10/06/2003,false,INF,2019,2
278,Alejoa,Jeste,09/11/2000,true,INF,2019,3
279,Candie,Burghall,25/08/1975,false,INF,2021,2
280,Blancha,Earle,02/09/1994,false,INF,2020,2
281,Carol,Srawley,13/02/1975,false,INF,2019,4
282,Bailey,Fehners,01/10/1997,false,INF,2021,1
283,Ettie,Van Baaren,27/08/1998,false,INF,2017,5
284,Wolfie,Bigley,19/06/1986,true,INF,2019,3
285,Brietta,Chidler,19/03/1999,true,INF,2019,4
286,Burtie,Alltimes,16/02/1987,true,INF,2016,5
287,Goldia,Uttermare,22/09/1990,false,INF,2018,5
288,Laurice,Hirthe,25/08/1980,true,INF,2021,2
289,Manya,Alvarado,02/12/2002,false,INF,2019,2
290,Aurelia,Shepland,21/12/1997,true,INF,2020,3
291,Barbi,Karim,18/08/1980,true,INF,2016,5
292,Aviva,Zannelli,19/09/1999,true,INF,2020,3
293,Karl,Bartens,02/05/1981,true,INF,2020,2
294,Roch,Parsons,06/03/2000,true,INF,2018,4
295,Peta,Bartrap,23/12/1987,true,INF,2021,2
296,Kailey,Lean,22/02/1981,false,INF,2018,5
297,Annmaria,Woodier,29/04/2004,false,INF,2020,1
298,Cherlyn,Whyborne,07/09/1972,true,INF,2019,3
299,Heidie,Kirlin,21/01/1999,false,INF,2022,1
300,Marvin,Attwell,25/01/1975,false,INF,2018,4
301,Lanita,Leggett,05/07/1989,false,INF,2018,5
302,Pansie,Whitemarsh,29/12/1996,false,INF,2022,1
303,Michelina,Albiston,20/11/1993,true,INF,2019,3
304,Ase,Kelby,26/04/1975,false,INF,2016,5
305,Mandie,Scorey,08/03/1977,false,INF,2021,1
306,Kamilah,Crammy,21/02/2005,true,INF,2021,1
307,Granny,Lovell,18/08/1977,false,INF,2019,2
308,Rutherford,Penella,26/07/1987,false,INF,2020,1
309,Hally,Fearey,26/11/1997,false,INF,2017,4
310,Carline,Cronshaw,24/04/2001,false,INF,2018,3
311,Trumaine,Lemery,30/05/1999,false,INF,2022,1
312,Cirstoforo,Sibborn,24/10/1990,false,INF,2022,1
313,Troy,Maplesden,27/08/1971,true,INF,2020,2
314,Lynde,Leipold,28/09/1987,false,INF,2018,5
315,Rab,Keesman,14/03/1987,true,INF,2022,1
316,Kaycee,Fairn,24/11/2002,false,INF,2018,4
317,Joell,Tubble,04/12/1985,true,INF,2018,4
318,Michail,Munden,10/12/1978,false,INF,2017,4
319,Melisande,Yurkov,11/03/1986,true,INF,2017,4
320,Randee,Zucker,03/08/1997,true,INF,2018,5
321,Traver,McAree,19/11/1973,false,INF,2022,1
322,Lock,Hupka,24/04/1972,false,INF,2018,5
323,Dana,Saintpierre,08/04/2004,true,INF,2021,1
324,Tamra,Kolushev,11/10/1989,true,INF,2018,4
325,Siward,Smallcombe,11/12/1989,false,INF,2020,3
326,Trescha,McGilvra,08/01/2002,false,INF,2019,4
327,Kippie,Ferrier,05/12/1983,true,INF,2020,3
328,Bordie,Winslow,10/05/1985,true,INF,2022,1
329,Golda,Cavey,18/12/1996,true,INF,2020,3
330,Andie,Cowhig,26/01/1973,true,INF,2020,1
331,Cathlene,Grayshon,14/11/2000,true,INF,2017,5
332,Vincent,Brockbank,12/04/1972,true,INF,2018,4
333,Lynn,Breeder,21/05/1995,true,INF,2020,1
334,Orel,Fleet,16/08/1981,true,INF,2022,1
335,Ange,Tomaszek,03/03/1977,true,INF,2021,2
336,Ches,Velez,23/01/2000,false,INF,2019,4
337,Carie,Lowen,24/08/1984,true,INF,2017,4
338,Trescha,Toma,04/09/1990,true,INF,2016,5
339,Erda,Karolyi,03/08/1994,false,INF,2020,3
340,Kathlin,Mutimer,24/05/1993,true,INF,2019,2
341,Frants,Faulconbridge,12/08/2001,false,INF,2020,2
342,Crista,Doole,09/11/1985,true,INF,2017,5
343,Berri,Borkin,14/01/1988,true,INF,2021,1
344,Toddy,Brennon,09/05/1970,false,INF,2018,3
345,Norene,Yanshinov,23/12/1994,true,INF,2018,3
346,Robin,Johnke,17/04/1973,false,INF,2018,5
347,Sacha,Klossmann,16/11/2004,true,INF,2020,3
348,Donnie,Piggen,16/12/1987,true,INF,2021,2
349,Timmy,Bromehed,08/12/1981,false,INF,2020,1
350,Saudra,Hobbing,05/08/1970,false,INF,2022,1
351,Judye,Matthai,01/10/1981,false,INF,2021,1
352,Billy,Ruckhard,23/01/1983,true,INF,2018,3
353,Candis,Jakolevitch,24/05/1991,false,INF,2020,2
354,Benyamin,Jandera,04/07/2003,false,INF,2019,3
355,Dela,Commins,26/12/1997,true,INF,2021,1
356,Sammy,Gaiford,05/06/1985,true,INF,2018,4
357,Adelice,Mattsson,08/02/1983,false,INF,2016,5
358,Zelda,Ayrton,24/05/1970,true,INF,2022,1
359,Dwayne,Greatrakes,16/06/2005,true,INF,2022,1
360,Celestine,Bergstrand,13/10/1976,true,INF,2018,3
361,Kimbell,Botger,28/06/1986,false,INF,2021,2
362,Kim,Brosius,31/01/1992,false,INF,2019,2
363,Chery,Fache,17/06/1997,false,INF,2019,2
364,Kaja,Nassau,24/11/1996,true,INF,2019,3
365,Clair,Wikey,31/03/1982,true,INF,2022,1
366,Sloane,MacGinlay,08/05/1980,false,INF,2021,2
367,Perle,Money,03/10/1977,false,INF,2017,4
368,Annabela,Dimmock,29/02/1984,false,INF,2021,1
369,Marcela,Hanscombe,28/09/1996,false,INF,2016,5
370,Gretal,Curtain,20/06/1997,false,INF,2017,5
371,Suzy,Hollerin,18/08/1982,true,INF,2017,5
372,Baldwin,Larkin,15/03/1986,true,INF,2020,2
373,Paula,Bayly,16/04/2002,true,INF,2020,1
374,Lesley,Webermann,22/01/1985,false,INF,2020,2
375,Jelene,Bischof,30/05/1995,false,INF,2020,3
376,Nettie,Lawry,07/02/1994,false,INF,2017,5
377,Dolf,Howle,22/11/1998,true,INF,2018,5
378,Shelbi,Fereday,09/07/1984,true,INF,2018,5
379,Nikolai,Verbrugge,17/10/1977,false,INF,2019,4
380,Rosemary,Gahan,14/06/1977,true,INF,2021,1
381,Orran,Fife,01/07/1975,true,INF,2021,1
382,Brendan,Colling,13/11/2005,false,INF,2021,2
383,Kellen,Henrionot,08/04/1980,true,INF,2021,1
384,Sargent,Taree,19/09/2004,false,INF,2020,3
385,Domenic,Sazio,12/12/1993,true,INF,2018,4
386,Ozzy,Nizet,19/04/1999,false,INF,2018,3
387,Stacey,Billington,20/06/2003,true,INF,2019,4
388,Rae,Palleske,23/12/2002,false,INF,2018,5
389,Ilka,Bern,30/01/1972,true,INF,2018,5
390,Darbie,Brabender,27/07/1988,true,INF,2016,5
391,Nikaniki,Stive,19/02/2005,true,INF,2021,2
392,Leia,Rossiter,09/09/1987,false,INF,2019,2
393,Rip,Heilds,07/11/2005,true,INF,2021,2
394,Nataniel,Barrett,25/11/1990,false,INF,2020,1
395,Shurwood,Malicki,22/12/1975,false,INF,2019,3
396,Farlie,Bauldrey,02/06/2003,false,INF,2021,1
397,Lawry,Faichney,08/12/1985,true,INF,2016,5
398,Anstice,Allanby,12/12/1988,true,INF,2016,5
399,Doretta,Nickolls,12/11/2000,true,INF,2020,3
400,Dougie,Roback,04/06/2000,true,INF,2020,1
401,Una,Noone,04/05/1983,false,INF,2018,3
402,Archambault,Sailes,29/01/1976,true,INF,2020,3
403,Alyda,Bartlam,29/11/1983,false,INF,2020,2
404,Ailee,Aucoate,09/11/1973,true,INF,2020,2
405,Mona,Panther,25/02/1970,true,INF,2018,4
406,Hewitt,Leisman,25/02/1983,true,INF,2019,3
407,Emylee,Cogin,22/08/1978,true,INF,2020,2
408,Theodoric,Galier,22/08/2002,false,INF,2021,1
409,Kordula,Gottelier,06/10/2004,true,INF,2021,1
410,Natalie,Semaine,22/08/1996,true,INF,2018,5
411,Karolina,Josipovitz,06/06/2005,true,INF,2021,2
412,Willyt,Wyburn,26/03/2004,false,INF,2021,2
413,Kailey,Boshell,13/11/1970,false,INF,2018,5
414,Gayleen,MacKimmie,01/08/2004,false,INF,2020,3
415,Catrina,Holbury,04/12/1988,true,INF,2020,3
416,Lodovico,Yell,19/03/1972,true,INF,2019,2
417,Burtie,Langforth,13/08/1989,true,INF,2021,2
418,Janek,Pyer,04/01/1980,false,INF,2020,2
419,Chadd,Gaffey,24/03/1977,false,INF,2019,4
420,Charlotta,Woofinden,09/06/1976,false,INF,2018,3
421,Twyla,Drust,18/06/1983,true,INF,2020,3
422,Marleen,Pechard,10/10/2003,false,INF,2019,4
423,Sayer,Lund,16/03/1978,false,INF,2019,3
424,Joletta,Hambric,05/10/1986,true,INF,2020,2
425,Cora,Hubner,21/07/2002,false,INF,2018,3
426,Alena,Manwaring,14/07/1971,false,INF,2017,4
427,Jackson,Binham,11/04/1988,false,INF,2021,2
428,Delly,Knightley,21/01/1977,true,INF,2020,3
429,Buddie,Beccles,04/02/2000,false,INF,2021,2
430,Donn,Demare,16/11/1972,true,INF,2022,1
431,Thornie,Frise,21/04/1995,true,INF,2016,5
432,Lianne,Adriaens,28/05/1995,false,INF,2021,2
433,Channa,Worsley,16/02/2000,true,INF,2019,2
434,Ikey,Larrat,19/12/1987,true,INF,2020,3
435,Dani,Kinsell,20/12/1990,false,INF,2020,2
436,Rheba,Scholes,25/12/1994,true,INF,2020,2
437,Damian,Simpkin,26/01/1973,true,INF,2017,5
438,Joshuah,Syde,31/10/1977,false,INF,2022,1
439,Timofei,Kivell,15/03/1996,false,INF,2019,4
440,Aeriell,Whaplington,04/12/1977,true,INF,2022,1
441,Wileen,Flaverty,28/05/1976,false,INF,2018,4
442,Ronni,Dovermann,23/09/2004,true,INF,2021,1
443,Gordie,Plowell,02/03/1982,true,INF,2020,2
444,Babbette,Kaas,11/03/1998,true,INF,2019,4
445,Saudra,Scatchard,02/11/1974,true,INF,2018,3
446,Maxi,Finnick,01/01/1990,false,INF,2019,3
447,Corena,Haslehurst,04/09/1994,true,INF,2020,1
448,Bellanca,Broun,30/07/1993,true,INF,2016,5
449,Hope,Spenclay,16/12/1989,true,INF,2019,2
450,Elnore,Cathee,20/11/1989,false,INF,2019,2
451,Markos,Howieson,23/10/1976,true,INF,2016,5
452,Chrissy,Minto,08/06/1975,false,INF,2018,3
453,Galven,Pilfold,31/12/1978,true,INF,2021,1
454,Akim,Patridge,24/05/1975,true,INF,2019,3
455,Lorri,Burrows,19/04/1981,true,INF,2017,5
456,Duffie,Balk,04/07/1985,true,INF,2018,5
457,Bernardina,Farington,02/05/1991,false,INF,2020,2
458,Netty,Korfmann,08/03/1980,true,INF,2018,5
459,Jean,Matthius,20/10/1990,false,INF,2019,2
460,Christiane,Wheatland,26/12/1975,true,INF,2018,4
461,Drud,Breawood,19/04/1995,false,INF,2021,1
462,Rubie,Humbell,28/10/2003,true,INF,2020,1
463,Robinette,Wiburn,06/05/1977,false,INF,2018,3
464,Drusilla,Villiers,01/07/1970,true,INF,2018,3
465,Thorny,Kinghorne,25/11/1985,true,INF,2017,5
466,Stephan,Kernley,26/09/1983,false,INF,2018,5
467,Myrvyn,Mallaby,08/09/1974,true,INF,2022,1
468,Guillema,Musgrave,07/01/1984,false,INF,2017,4
469,Dulci,Altree,11/11/2001,true,INF,2019,4
470,Bjorn,McClenan,05/09/1986,false,INF,2017,4
471,Lombard,Slucock,18/10/1988,false,INF,2017,5
472,Heath,Clampe,05/06/2001,false,INF,2017,5
473,Crista,Scain,12/02/1994,false,INF,2019,2
474,Bartram,Bernasek,11/03/1999,true,INF,2019,4
475,Helli,Twort,13/02/1988,true,INF,2018,5
476,Jules,Fahrenbach,09/12/1985,true,INF,2019,3
477,Beverly,Gilliat,02/04/1995,false,INF,2018,4
478,Mae,Sheara,05/05/1990,true,INF,2016,5
479,Carmelita,Brideaux,05/06/1998,false,INF,2022,1
480,Janean,Cummine,25/09/1997,true,INF,2021,2
481,Matthew,Chuney,22/01/1995,false,INF,2019,2
482,Baxter,Drabble,12/12/1994,true,INF,2019,2
483,Nevin,Clissett,21/09/1988,true,INF,2021,2
484,Catlee,Heap,01/03/1974,false,INF,2021,1
485,Yankee,Mease,13/07/1988,false,INF,2017,4
486,Jack,Dillow,06/07/1998,false,INF,2020,1
487,Lissi,Erricker,05/11/1970,true,INF,2020,1
488,Nicola,Orrin,27/08/2000,true,INF,2019,4
489,Xerxes,Bocking,07/06/1998,false,INF,2020,1
490,Toby,Longea,31/03/1995,true,INF,2017,5
491,Marcello,Frensche,30/07/1982,true,INF,2018,4
492,Joyann,Caurah,22/12/1993,true,INF,2020,1
493,Cortie,Kasparski,23/04/1971,true,INF,2021,2
494,Natalie,Soutar,19/03/1977,true,INF,2020,3
495,Rebeca,Nellies,17/12/1993,false,INF,2018,4
496,Lawrence,Sapey,27/08/1970,true,INF,2018,3
497,Beck,Roberti,16/01/1981,false,INF,2017,5
498,Georgette,Witherden,24/02/1985,false,INF,2021,2
499,Conny,Noke,24/05/1987,true,INF,2018,5
500,Cornelia,Tytler,05/06/1977,false,INF,2020,2
501,Kristopher,Biasi,17/04/2002,false,PHYS,2022,1
502,Karlen,Simoneton,28/09/1970,false,PHYS,2017,4
503,Wayland,O'Lagene,25/08/1994,false,PHYS,2021,2
504,Merilyn,Northway,21/05/1978,true,PHYS,2020,3
505,Bernardo,Bottomore,24/12/1992,true,PHYS,2021,1
506,Nico,Whitman,24/08/1979,false,PHYS,2019,3
507,Marna,Barbera,14/10/1991,true,PHYS,2019,2
508,Quinton,Sharma,07/05/1992,false,PHYS,2020,2
509,Donetta,Dellenbrook,26/09/1989,true,PHYS,2021,2
510,Shurlock,Bjerkan,08/09/1995,false,PHYS,2017,5
511,Juliet,MacGahey,23/04/1997,true,PHYS,2018,5
512,Jacky,Kerby,23/08/2002,false,PHYS,2018,3
513,Casey,McIndrew,22/05/1971,true,PHYS,2016,5
514,Taddeusz,Prescott,02/04/2001,false,PHYS,2018,5
515,Zelig,Franceschi,14/04/1998,true,PHYS,2020,3
516,Eulalie,Lilleman,01/11/1979,true,PHYS,2018,5
517,Dacey,Culcheth,24/01/1990,false,PHYS,2017,4
518,Valene,Stitwell,20/07/1974,false,PHYS,2021,1
519,Patrice,Asprey,05/07/1988,true,PHYS,2019,2
520,Lorrie,Pullin,25/02/1999,false,PHYS,2019,4
521,Tamara,Droghan,28/06/1990,true,PHYS,2019,2
522,Hinda,Dobrowlski,31/05/1987,false,PHYS,2018,3
523,Arabel,Yantsurev,04/11/1976,false,PHYS,2019,4
524,Isaac,O'Kinedy,22/11/2004,true,PHYS,2021,2
525,Aprilette,Bovingdon,18/03/1992,false,PHYS,2020,2
526,Lavinia,Cavee,21/04/2004,true,PHYS,2021,1
527,Venita,Crannell,13/12/1974,false,PHYS,2021,2
528,Jeno,Searsby,02/11/1973,false,PHYS,2016,5
529,Bank,Louisot,11/03/1997,false,PHYS,2018,4
530,Sheela,O Sullivan,02/08/1981,false,PHYS,2022,1
531,Baxie,Cahan,02/03/1998,true,PHYS,2017,5
532,Gay,Slight,22/12/1981,true,PHYS,2019,3
533,Syd,Schult,30/07/2000,true,PHYS,2020,1
534,Kalina,Benech,28/01/2003,false,PHYS,2020,2
535,Gawen,Leat,15/03/1974,false,PHYS,2019,3
536,Peyton,Winspear,16/02/2001,true,PHYS,2020,3
537,Flin,McAirt,15/11/1995,false,PHYS,2019,3
538,Pammie,Walker,03/06/1974,true,PHYS,2020,1
539,Oswell,Loftus,24/05/1972,false,PHYS,2017,4
540,Kirsten,Buttriss,30/12/1995,true,PHYS,2017,4
541,Base,Hufton,14/11/1994,true,PHYS,2022,1
542,Cornell,Boylund,16/11/1991,true,PHYS,2022,1
543,Henrie,O'Hearn,13/09/2005,false,PHYS,2022,1
544,Tabor,Lipp,02/01/2000,false,PHYS,2021,2
545,Tobey,Demaine,23/06/1984,true,PHYS,2017,5
546,Verge,Colvine,09/06/1972,true,PHYS,2020,3
547,Rica,Stickells,30/11/1974,true,PHYS,2018,3
548,Ray,Stutte,04/11/1997,true,PHYS,2019,4
549,Sholom,Turnock,06/07/2000,true,PHYS,2019,4
550,Averil,Goodson,27/01/2000,true,PHYS,2018,4
551,Joya,Nowaczyk,09/03/1998,false,PHYS,2018,4
552,Stavro,Durak,28/02/2002,false,PHYS,2021,1
553,Morey,Marte,28/08/1984,true,PHYS,2019,3
554,Irvin,Digger,02/10/1981,false,PHYS,2021,1
555,Ealasaid,Bahde,21/06/2004,false,PHYS,2021,2
556,Corbett,Vorley,19/03/2001,true,PHYS,2018,5
557,Patsy,Darton,28/09/1985,false,PHYS,2017,5
558,Waring,Blazic,21/04/1977,false,PHYS,2018,4
559,Latrena,Souch,03/05/2004,false,PHYS,2021,2
560,Sheilakathryn,Sauven,14/09/1999,false,PHYS,2016,5
561,Becca,Starcks,03/01/1977,false,PHYS,2019,2
562,Germana,Luetkemeyers,27/11/1995,true,PHYS,2016,5
563,Robbie,Feye,17/02/1970,false,PHYS,2020,3
564,Darbee,Stawell,26/10/1982,false,PHYS,2018,5
565,Betty,Zukerman,14/08/1996,false,PHYS,2019,4
566,Benoite,Duigan,10/06/1977,false,PHYS,2020,3
567,Gunilla,Drummer,04/05/2004,false,PHYS,2020,3
568,Gearard,Freyne,16/12/1982,true,PHYS,2018,3
569,Ophelia,Ramshay,01/04/1998,false,PHYS,2021,1
570,Vanda,Creenan,28/02/1991,false,PHYS,2020,3
571,Alain,Stonebanks,02/06/1984,false,PHYS,2021,2
572,Ladonna,Monckton,02/06/1986,true,PHYS,2016,5
573,Barron,Glowinski,29/12/1991,true,PHYS,2022,1
574,Lanette,Chatin,24/03/1981,true,PHYS,2019,2
575,Brittani,Delhanty,26/04/1974,true,PHYS,2019,3
576,Randee,Fortey,08/01/2004,false,PHYS,2020,2
577,Valina,Halvosen,01/12/1972,false,PHYS,2019,4
578,Jefferey,Blampied,07/05/1995,true,PHYS,2019,2
579,Theodore,Tanby,09/09/1974,true,PHYS,2021,1
580,Trevor,Gonzalez,27/08/1984,true,PHYS,2016,5
581,Cari,Shay,07/01/1975,true,PHYS,2019,2
582,Janice,Samter,21/10/1986,true,PHYS,2020,2
583,Alard,Bowman,13/02/1993,false,PHYS,2019,3
584,Erda,Pletts,30/04/1985,true,PHYS,2020,2
585,Kenn,Snodden,01/04/1982,true,PHYS,2019,4
586,Dorelia,Loudyan,18/07/1998,false,PHYS,2021,1
587,Jessika,Guillond,09/10/2000,false,PHYS,2020,3
588,Lutero,Bedow,28/03/1971,false,PHYS,2020,2
589,Alberto,Wadley,02/06/1995,false,PHYS,2020,3
590,Delmer,Boyse,24/03/1993,true,PHYS,2018,4
591,Tish,Miskimmon,28/12/1999,false,PHYS,2018,4
592,Mel,Crissil,14/02/1994,false,PHYS,2018,5
593,Quill,Viollet,16/12/1976,true,PHYS,2021,2
594,Blake,Romushkin,09/08/1980,true,PHYS,2018,5
595,Glori,Treadgold,23/04/1987,false,PHYS,2017,4
596,Corenda,Klemenz,22/12/1983,false,PHYS,2021,2
597,Benedetto,Purrier,15/08/1990,true,PHYS,2017,4
598,Cynthie,Philip,18/11/1994,true,PHYS,2020,1
599,Con,Bartlet,23/07/1978,true,PHYS,2018,5
600,Wittie,Calcutt,27/09/1997,true,PHYS,2021,2
601,Shellie,Bracer,27/08/1971,false,PHYS,2017,4
602,Jeralee,Figgen,16/06/1974,true,PHYS,2019,2
603,Bibi,Vequaud,07/08/1998,true,PHYS,2020,3
604,Farley,Truse,20/06/1972,true,PHYS,2016,5
605,Homerus,Noke,26/11/2005,false,PHYS,2021,2
606,Ricki,Frisby,24/08/1992,true,PHYS,2017,4
607,Zebadiah,Fayre,20/06/1982,true,PHYS,2019,3
608,Katharina,Fonquernie,27/05/1990,true,PHYS,2019,4
609,Peyton,Abramowsky,20/09/2005,true,PHYS,2021,2
610,Wilfrid,Iwanowicz,18/03/1970,true,PHYS,2019,4
611,Marvin,Cheale,10/09/1996,false,PHYS,2021,1
612,Tulley,Mirfin,15/03/2005,true,PHYS,2021,2
613,Cynthea,Gergler,23/07/1979,true,PHYS,2020,2
614,Tynan,Bierton,01/07/1991,true,PHYS,2020,2
615,Glenine,Petrussi,02/10/1974,false,PHYS,2021,1
616,Lenora,Scarlett,12/07/1989,false,PHYS,2019,2
617,Amie,Renner,20/02/2001,true,PHYS,2017,5
618,Arin,Elcomb,15/08/2000,true,PHYS,2016,5
619,Emmanuel,Yurocjkin,01/12/1977,true,PHYS,2018,5
620,Gerty,Schieferstein,02/11/1981,false,PHYS,2021,2
621,Norris,Rose,16/02/1977,true,PHYS,2019,4
622,Horacio,Brunone,31/05/1974,false,PHYS,2018,5
623,Laurie,Hillatt,25/09/1994,false,PHYS,2018,5
624,Tabbie,Getcliff,24/02/1999,true,PHYS,2021,1
625,Laurella,MacGaughey,25/02/1987,false,PHYS,2019,4
626,Misti,Dunklee,17/01/1971,false,PHYS,2017,4
627,Ezri,Phelips,06/07/2005,false,PHYS,2021,2
628,Abbey,Ullett,09/09/1976,false,PHYS,2016,5
629,Justina,Dacey,16/10/1973,true,PHYS,2019,2
630,Tabby,Ahrend,19/11/1992,false,PHYS,2020,1
631,Lurlene,Toplin,07/01/1995,false,PHYS,2019,2
632,Simone,Bottomer,19/11/1985,true,PHYS,2019,2
633,Hurley,Prebble,02/04/1979,true,PHYS,2018,4
634,Kristina,Lomasney,04/10/1998,true,PHYS,2019,2
635,Daffie,Meekings,04/09/1996,false,PHYS,2017,5
636,Tobye,Bassford,01/11/1996,false,PHYS,2021,1
637,Yuri,Carrell,16/05/2001,false,PHYS,2019,2
638,Gal,Pipping,22/11/1986,true,PHYS,2019,4
639,Giuseppe,Helder,06/10/1987,false,PHYS,2022,1
640,Annalee,Fairbourn,26/04/1998,true,PHYS,2020,1
641,Taryn,Methley,31/07/1991,true,PHYS,2021,2
642,Roxi,Barrie,29/10/1976,true,PHYS,2019,4
643,Zelma,Shmyr,22/04/1979,false,PHYS,2018,5
644,Hyacinthe,Branche,02/04/1978,false,PHYS,2018,5
645,Dolley,Giraldo,09/10/1997,false,PHYS,2021,2
646,Annette,Cicco,02/07/2004,false,PHYS,2020,1
647,Keane,Brigshaw,08/02/1979,true,PHYS,2016,5
648,Inessa,Kitman,14/12/1987,true,PHYS,2018,3
649,Ellie,Balas,11/06/1989,false,PHYS,2020,2
650,Jacynth,McDowall,20/08/1999,false,PHYS,2019,2
651,Danni,Canto,19/09/1980,true,PHYS,2018,4
652,Shaw,Stallion,12/12/1979,true,PHYS,2019,4
653,Breena,Gonnel,19/06/1988,true,PHYS,2021,1
654,Pru,Durman,08/06/1973,false,PHYS,2018,3
655,Averil,Boutell,22/02/1999,true,PHYS,2020,2
656,Dara,Ferraretto,30/06/2001,true,PHYS,2020,2
657,Prudi,Kellard,30/06/1979,false,PHYS,2018,3
658,Sidney,Arrell,11/08/1988,false,PHYS,2018,4
659,Raddy,Garn,25/08/2000,true,PHYS,2020,1
660,Haily,Klimontovich,05/03/1973,false,PHYS,2018,4
661,Nickolai,Fairclough,18/05/1990,true,PHYS,2019,4
662,Alistair,Kermott,26/09/1976,false,PHYS,2020,2
663,Herbert,Hendren,26/09/1994,false,PHYS,2020,1
664,Enrica,McNirlin,09/11/2002,true,PHYS,2018,3
665,Nicko,Fairney,05/03/1975,true,PHYS,2019,4
666,Lona,Defty,31/08/1987,true,PHYS,2017,5
667,Thom,Schruurs,23/09/1981,true,PHYS,2018,3
668,Eyde,Leward,29/10/1996,false,PHYS,2018,4
669,Tomi,Murname,19/12/1980,false,PHYS,2017,4
670,Lisle,Conen,05/01/2001,false,PHYS,2017,5
671,Ivar,Whiffin,19/02/1981,true,PHYS,2017,5
672,Hamilton,Herity,18/08/1992,true,PHYS,2018,3
673,Erika,Rayer,30/10/1989,false,PHYS,2022,1
674,Arthur,MacConneely,19/11/2000,true,PHYS,2018,5
675,Hilde,Ghidelli,11/04/1994,true,PHYS,2020,1
676,Linea,Spinney,06/05/1988,true,PHYS,2021,1
677,Jeddy,Ehlerding,29/01/2005,false,PHYS,2022,1
678,Craggie,Pennycuick,31/07/1983,false,PHYS,2018,5
679,Miguela,Sherel,01/02/1970,false,PHYS,2019,4
680,Gail,Marquis,02/11/1996,true,PHYS,2018,5
681,Tisha,Zannolli,24/07/2002,true,PHYS,2022,1
682,Gilberto,Schellig,27/06/1973,true,PHYS,2019,2
683,Lane,Please,26/07/1996,true,PHYS,2021,1
684,Elisha,Cluse,11/10/1970,false,PHYS,2020,2
685,Clemmie,Islep,20/10/1995,false,PHYS,2018,5
686,Mathe,Maclaine,21/10/1987,false,PHYS,2020,1
687,Derwin,O'Cosgra,14/07/2001,true,PHYS,2018,4
688,Hannah,Pankhurst.,20/11/1974,true,PHYS,2018,3
689,Gerhard,Willman,24/08/1995,false,PHYS,2021,1
690,Cinderella,Mustchin,16/11/1994,false,PHYS,2018,4
691,Bartel,Payley,21/04/1977,false,PHYS,2018,5
692,Enrichetta,Trinke,01/08/1993,true,PHYS,2017,4
693,Brigham,Gilardengo,04/08/2000,true,PHYS,2018,3
694,Justus,Brahan,21/10/1977,false,PHYS,2019,2
695,Kikelia,Depper,06/01/1986,true,PHYS,2022,1
696,Kort,Carey,15/11/1997,false,PHYS,2021,1
697,Boony,Marle,24/10/2002,false,PHYS,2019,3
698,Wood,Bath,09/09/2001,false,PHYS,2017,5
699,Derrik,Cunnah,16/09/2000,false,PHYS,2022,1
700,Caril,Cannan,14/03/1982,false,PHYS,2022,1
701,Sanford,Foulds,09/06/1988,true,PHYS,2022,1
702,Eolande,Shelf,24/02/2001,true,PHYS,2020,3
703,Derril,Richter,07/09/1979,true,PHYS,2016,5
704,Town,Cornick,27/09/2005,false,PHYS,2022,1
705,Gabriela,Wayte,09/01/1980,true,PHYS,2019,4
706,Elora,McVity,17/06/1995,false,PHYS,2019,4
707,Glynis,Meneely,06/10/1983,false,PHYS,2017,4
708,Aurilia,Fadell,15/10/1971,true,PHYS,2016,5
709,Jimmie,MacCrossan,11/02/2002,true,PHYS,2021,2
710,Consuela,Martland,15/05/2002,false,PHYS,2020,2
711,Albrecht,Schott,19/12/1990,true,PHYS,2018,3
712,Micheline,Kuhn,06/03/2003,true,PHYS,2020,3
713,Katalin,Thoma,15/07/1971,false,PHYS,2020,3
714,Phyllys,Ridge,04/04/2002,false,PHYS,2019,2
715,Isaac,Duddy,25/11/1994,false,PHYS,2017,5
716,Dewitt,McGaraghan,03/09/2003,true,PHYS,2022,1
717,Vernon,McNiff,18/10/2002,false,PHYS,2018,4
718,Angele,Trunks,07/09/1974,true,PHYS,2022,1
719,Hunter,Bendan,24/04/1977,false,PHYS,2019,3
720,Arni,Bashford,22/06/2001,false,PHYS,2022,1
721,Perceval,Pllu,05/05/1984,true,PHYS,2019,4
722,Selma,Pestell,14/04/1991,true,PHYS,2020,1
723,Jemima,Nicholes,15/03/2001,true,PHYS,2019,4
724,Lynne,Ferre,26/02/2004,true,PHYS,2021,2
725,Freemon,Dellatorre,02/11/2001,true,PHYS,2020,2
726,Moe,Hacker,30/06/1984,false,PHYS,2020,3
727,Hersh,Van den Velde,10/03/1984,false,PHYS,2019,3
728,Jacquie,Ratnege,11/06/1971,true,PHYS,2022,1
729,Hurleigh,Moulder,20/10/1992,true,PHYS,2019,2
730,Gayle,Buckland,12/12/1994,false,PHYS,2019,4
731,Walliw,Learie,09/03/1989,false,PHYS,2018,5
732,Griz,Oxtoby,20/03/1994,false,PHYS,2016,5
733,Marjy,Tilt,15/08/1976,false,PHYS,2019,2
734,Twyla,Bridie,05/02/1994,true,PHYS,2018,4
735,Johann,Pain,21/11/1996,true,PHYS,2018,4
736,Koo,Melesk,16/08/1973,false,PHYS,2018,5
737,Bethina,Ungerer,28/04/1975,true,PHYS,2021,2
738,Hadley,Coughan,23/07/1974,true,PHYS,2020,1
739,Kilian,O'Deoran,24/05/1972,false,PHYS,2017,5
740,Leonardo,Lorimer,26/07/1980,true,PHYS,2022,1
741,Francisco,Bernardez,23/05/1996,true,PHYS,2018,4
742,Mozelle,Kenealy,19/04/2001,true,PHYS,2022,1
743,Marrilee,Potes,28/05/2004,false,PHYS,2021,1
744,Martynne,Charpling,12/04/1979,true,PHYS,2018,5
745,Manolo,Vedeneev,19/11/1975,false,PHYS,2020,2
746,Dale,Payne,26/01/2002,true,PHYS,2019,2
747,Ardeen,Civitillo,28/09/1997,false,PHYS,2016,5
748,Olenka,Tebb,28/09/1980,false,PHYS,2021,2
749,Raynard,Amberson,27/05/1983,true,PHYS,2016,5
750,Hildagard,Cruickshanks,22/02/1989,false,PHYS,2018,3
751,Jourdan,Broadwell,01/01/1992,true,LIT,2017,5
752,Jase,Bolderson,25/12/2002,true,LIT,2020,3
753,Elston,Tripe,02/08/2004,true,LIT,2020,1
754,Dayna,Cossentine,26/05/1981,false,LIT,2020,1
755,Millie,Kinde,17/07/2003,true,LIT,2019,4
756,Esra,LeEstut,02/11/2002,true,LIT,2018,5
757,Christiana,Alvares,24/02/1983,true,LIT,2021,2
758,Rosemonde,Downer,08/06/1984,true,LIT,2020,2
759,Olympia,Fenning,12/07/2003,true,LIT,2021,1
760,Blaine,Rusbridge,16/03/1989,true,LIT,2018,5
761,Ediva,Knowlman,18/10/1974,false,LIT,2021,1
762,Ogdon,Noirel,17/05/1984,false,LIT,2019,2
763,Chevy,Brager,12/07/1995,false,LIT,2017,5
764,Dom,Ochterlony,31/01/1979,true,LIT,2019,2
765,Carlyle,Onyon,24/01/2002,true,LIT,2021,1
766,Corri,Nayer,03/06/2001,true,LIT,2021,1
767,Alonso,Dahlen,19/08/1990,true,LIT,2017,4
768,Delila,Wetherell,15/04/1981,true,LIT,2021,2
769,Gert,Habbin,03/01/1972,false,LIT,2018,4
770,Glenn,McLae,01/08/2005,false,LIT,2021,1
771,Hakim,Klimowski,25/04/1997,false,LIT,2019,4
772,Tuesday,Hanster,01/03/1982,true,LIT,2018,5
773,Sheba,Haggarty,17/10/1986,true,LIT,2019,4
774,Lisabeth,Goodbar,18/09/1988,false,LIT,2020,2
775,Jeniffer,Beacon,30/11/1981,true,LIT,2022,1
776,Zola,Aim,21/03/1995,false,LIT,2018,3
777,Oralie,Harper,24/03/1971,true,LIT,2019,2
778,Sunny,Klimus,07/01/1992,true,LIT,2021,2
779,Wilfred,Pither,10/05/1990,true,LIT,2019,4
780,Joy,Brewin,21/12/1978,true,LIT,2020,1
781,Bobina,Delany,01/08/1971,true,LIT,2019,2
782,Falkner,Ibbott,18/05/1974,false,LIT,2019,4
783,Vince,Storres,30/05/1982,false,LIT,2018,4
784,Kasper,Flatt,27/02/2005,false,LIT,2021,2
785,Neal,Chastelain,05/08/1998,false,LIT,2019,2
786,Nancee,Espadate,27/12/1985,false,LIT,2017,5
787,Myrta,Shaddick,10/05/1996,true,LIT,2018,5
788,Silas,Caldairou,29/05/1971,false,LIT,2018,4
789,Selena,Sharphouse,27/05/1988,false,LIT,2016,5
790,Edouard,Ralston,29/06/1999,true,LIT,2019,4
791,Thorvald,Southerns,28/01/1974,false,LIT,2016,5
792,Giselle,Berndsen,28/12/2004,false,LIT,2022,1
793,Kial,Tremelling,13/05/1982,true,LIT,2021,1
794,Annamarie,Sadry,11/07/1990,true,LIT,2018,4
795,Osborne,Studart,14/11/1985,false,LIT,2019,3
796,Otho,Anyene,13/04/1984,true,LIT,2018,5
797,Marjorie,Gwyllt,03/06/1992,false,LIT,2021,1
798,Tam,Hastie,28/11/2000,true,LIT,2017,4
799,Eleen,Ebbers,13/11/1995,false,LIT,2019,4
800,Ericha,Benedict,03/02/1977,false,LIT,2017,4
801,Franny,Kesby,26/12/1996,true,LIT,2018,4
802,Min,Hardern,29/11/1983,true,LIT,2019,3
803,Dalston,Grint,19/01/1979,false,LIT,2019,3
804,Wallace,Dowley,16/08/1970,false,LIT,2017,5
805,Zenia,Prudham,06/10/2003,false,LIT,2020,2
806,Newton,Struan,07/10/1992,true,LIT,2019,2
807,Dara,Mulvin,18/06/1982,true,LIT,2020,1
808,Jess,Caitlin,01/07/1984,true,LIT,2020,3
809,Ludwig,Bolletti,10/01/1977,false,LIT,2019,3
810,Barbra,O'Howbane,14/05/1979,true,LIT,2018,3
811,Bibby,Talloe,28/08/1989,true,LIT,2018,5
812,Thekla,Beardshaw,05/11/1976,false,LIT,2016,5
813,Reena,Cottesford,24/11/1993,true,LIT,2021,2
814,Jocelyn,Betteriss,16/09/1979,true,LIT,2019,2
815,Paulita,Gallafant,12/04/1982,false,LIT,2021,2
816,Renato,Prendergrass,10/10/1981,false,LIT,2021,1
817,Ephraim,Kellet,15/11/1986,false,LIT,2016,5
818,Jacquelynn,Woodwing,30/01/1992,false,LIT,2020,3
819,Cristie,Hillan,16/08/1982,true,LIT,2020,2
820,Harv,Schuster,17/08/1971,true,LIT,2020,2
821,Annalise,Kerrich,04/12/2003,true,LIT,2019,3
822,Sandor,Sibbons,25/02/1976,false,LIT,2020,2
823,Edith,Alti,30/10/2005,false,LIT,2021,2
824,Jermaine,Sahlstrom,29/09/1971,true,LIT,2019,4
825,Karole,Frobisher,13/11/1979,true,LIT,2020,2
826,Granthem,Killen,24/02/1979,false,LIT,2019,2
827,Sayre,Addinall,02/01/1977,true,LIT,2022,1
828,Fedora,Gravenell,11/01/1977,true,LIT,2017,5
829,Genna,Newlands,16/08/2002,false,LIT,2020,2
830,Uri,Matuszak,31/12/1973,true,LIT,2022,1
831,Dun,Roma,13/12/1980,true,LIT,2019,4
832,Thurstan,McCarry,03/09/1978,false,LIT,2020,1
833,Ike,Fulloway,23/11/1988,false,LIT,2020,2
834,Frannie,Couth,11/11/1976,true,LIT,2016,5
835,Annabella,McGaraghan,17/12/1990,false,LIT,2017,4
836,Koressa,Lawrence,13/12/1975,true,LIT,2020,3
837,Luella,Clemente,08/06/2005,false,LIT,2021,2
838,Sela,Dadd,21/02/2001,false,LIT,2020,3
839,Rene,Luipold,05/11/1981,false,LIT,2018,5
840,Elie,Tedorenko,18/05/2005,false,LIT,2021,2
841,Farris,Schroter,24/09/1976,true,LIT,2022,1
842,Maurie,Dudson,18/03/2004,true,LIT,2021,2
843,Maison,Alten,23/06/1996,true,LIT,2021,1
844,Gradey,Anstie,17/03/1978,false,LIT,2018,4
845,Esma,Rosencrantz,19/03/1983,false,LIT,2019,3
846,Brandi,Elener,14/09/1981,false,LIT,2021,2
847,Warner,Gong,21/11/1973,false,LIT,2020,3
848,Neron,Reoch,19/06/1986,true,LIT,2018,4
849,Francois,Chadburn,26/07/1999,false,LIT,2019,2
850,Adelice,Silverman,12/09/1972,true,LIT,2017,5
851,Ailyn,Jailler,13/07/1988,true,LIT,2020,2
852,Torrey,Lafferty,12/09/2002,true,LIT,2018,5
853,Roselle,Wybern,14/01/1987,true,LIT,2018,4
854,Josey,Fancett,14/11/1995,true,LIT,2017,4
855,Mignonne,Aldam,28/09/1986,false,LIT,2019,2
856,Franciska,Rosedale,31/12/1971,false,LIT,2018,3
857,Garnet,Engelbrecht,08/10/1995,false,LIT,2021,1
858,Delmore,Renneke,23/10/1979,true,LIT,2019,4
859,Thoma,Hilldrop,23/09/1991,true,LIT,2018,5
860,Willy,Truesdale,22/11/2000,true,LIT,2017,5
861,Devonna,Skirving,15/02/1991,true,LIT,2020,2
862,Filippo,Simondson,23/05/1993,true,LIT,2020,3
863,Thorstein,Innot,12/12/1985,true,LIT,2018,5
864,Cassaundra,Beneteau,02/08/1998,false,LIT,2020,3
865,Pate,Valdes,07/07/2005,true,LIT,2022,1
866,Henriette,Waslin,22/09/1999,false,LIT,2019,3
867,Ranique,Riepl,06/10/1979,true,LIT,2016,5
868,Annalee,Stallen,22/01/1990,false,LIT,2019,2
869,Lelah,Di Pietro,07/08/1983,false,LIT,2017,4
870,Franchot,Bubb,31/07/2000,true,LIT,2019,2
871,Karina,Fermoy,01/12/1994,true,LIT,2022,1
872,Cindra,Proschek,05/10/2002,false,LIT,2019,3
873,Mikael,Hardie,24/10/1993,false,LIT,2020,3
874,Sashenka,Guinnane,05/08/1980,false,LIT,2022,1
875,Dorice,Tilt,01/05/1987,true,LIT,2018,3
876,Herve,Jack,19/03/1991,false,LIT,2021,1
877,Nevins,Cholwell,12/10/1977,false,LIT,2020,1
878,Lillian,Di Domenico,24/07/1990,true,LIT,2020,1
879,Dena,Slavin,21/04/1976,true,LIT,2020,1
880,Sheffie,Drejer,23/07/2005,true,LIT,2022,1
881,Candide,Knibbs,30/08/1974,false,LIT,2018,4
882,Pancho,Winscom,09/01/2004,false,LIT,2020,3
883,Irwinn,Dadson,28/09/1980,true,LIT,2018,4
884,Gennie,Uwins,18/08/1990,true,LIT,2018,5
885,Kort,Szapiro,19/06/1996,false,LIT,2017,4
886,Barbabas,Rutley,12/04/1980,false,LIT,2017,5
887,Chrysa,Stannering,11/12/2003,true,LIT,2019,3
888,Robbie,Secretan,27/05/1993,false,LIT,2022,1
889,Koral,Peterken,15/10/1990,true,LIT,2016,5
890,Erin,Marzellano,19/11/2000,false,LIT,2020,3
891,Flore,Arangy,08/10/1970,true,LIT,2020,3
892,Sly,Buxam,09/03/1992,true,LIT,2019,3
893,Alon,Clamo,07/05/1970,false,LIT,2022,1
894,Renelle,Weld,06/08/1995,false,LIT,2018,5
895,Maryl,Brand,03/01/1982,false,LIT,2021,2
896,Adriano,Longfellow,27/07/1975,false,LIT,2021,1
897,Balduin,Leverton,18/05/1978,true,LIT,2019,4
898,Sigrid,Blowing,06/02/1978,true,LIT,2017,5
899,Ralina,Snewin,19/07/1985,false,LIT,2020,3
900,Domeniga,Whye,14/09/1987,false,LIT,2018,3
901,Fiann,Gason,25/04/1988,true,LIT,2018,3
902,Milton,Adamczewski,30/09/1980,false,LIT,2016,5
903,Guntar,Melledy,29/03/1995,false,LIT,2021,2
904,Tam,Welch,27/01/1975,true,LIT,2018,3
905,Cherish,Hackworth,05/05/2000,true,LIT,2017,5
906,Caleb,Wilcocke,01/10/1977,false,LIT,2022,1
907,Brigid,Ovill,01/08/1988,true,LIT,2021,1
908,Margie,Burleton,16/01/1993,false,LIT,2017,5
909,Milty,Steele,07/06/2003,false,LIT,2020,2
910,Porty,Heading,16/09/1989,true,LIT,2016,5
911,Sheela,Gilbart,18/12/1983,true,LIT,2018,3
912,Shaylah,Vallender,12/12/1976,true,LIT,2018,5
913,Twyla,Barkway,21/04/2003,false,LIT,2022,1
914,Elaine,Gatfield,10/10/1987,false,LIT,2018,4
915,Cordula,Brokenbrow,12/10/1992,true,LIT,2018,3
916,Karlene,Lillicrop,15/12/1996,false,LIT,2019,4
917,Kennie,Timby,20/08/2001,false,LIT,2021,1
918,Genni,Alphonso,07/10/1997,true,LIT,2017,4
919,Finn,Hatwell,27/07/1992,false,LIT,2018,3
920,Frieda,Overill,17/03/1979,false,LIT,2018,3
921,Jeromy,Newcom,07/01/1983,false,LIT,2021,2
922,Jilli,Truswell,13/05/2004,true,LIT,2021,2
923,Sasha,Steele,05/12/1990,true,LIT,2021,1
924,Evy,Heinl,17/05/1979,true,LIT,2018,5
925,Harbert,Week,16/02/2002,true,LIT,2019,4
926,Cedric,Farrier,26/05/1976,false,LIT,2019,3
927,Vernon,Tootell,21/11/1987,true,LIT,2020,1
928,Georgi,Follit,29/05/1978,false,LIT,2021,1
929,Tedra,Foyster,07/12/1988,true,LIT,2021,2
930,Truman,Dawid,04/06/1995,false,LIT,2020,3
931,Cyndi,Scorrer,23/03/1998,false,LIT,2021,1
932,Stillmann,Bayliss,29/03/1980,false,LIT,2018,3
933,Levy,Simonnot,28/10/1999,false,LIT,2020,1
934,Danice,Bourges,15/12/1989,true,LIT,2022,1
935,Sumner,Shakespear,01/06/1988,false,LIT,2018,4
936,Jayson,Marsters,23/04/1993,false,LIT,2020,1
937,Deeyn,Gadault,24/03/1976,true,LIT,2019,3
938,Joli,Gaffney,26/10/1978,true,LIT,2017,4
939,Collen,Matzeitis,20/10/1991,true,LIT,2017,4
940,Bari,Bomb,04/04/1984,true,LIT,2018,3
941,Carmen,Rudderham,20/07/1993,true,LIT,2020,2
942,Evania,Airs,02/12/2003,false,LIT,2019,4
943,Cynthia,Varnam,23/08/1976,true,LIT,2020,2
944,Corbet,Broome,06/04/2002,true,LIT,2020,2
945,Cecilio,Mulloch,11/08/1999,false,LIT,2021,2
946,Sally,Dunnan,14/10/1987,false,LIT,2020,3
947,Thedric,Monck,16/09/1988,true,LIT,2022,1
948,Murvyn,Tysack,18/05/1982,false,LIT,2018,5
949,Napoleon,Shemwell,05/05/1994,true,LIT,2018,3
950,Esther,Davidovsky,29/10/1981,false,LIT,2021,1
951,Basilio,Haily,23/06/1975,false,LIT,2019,2
952,Barclay,Lupson,02/03/1974,true,LIT,2017,4
953,Bunni,Harring,21/10/1993,true,LIT,2018,3
954,Bernardina,Lownes,12/11/1984,false,LIT,2018,4
955,Michale,Braden,18/11/1983,false,LIT,2019,3
956,Dorotea,Chalfont,25/06/1976,true,LIT,2018,5
957,Holden,Haysar,23/07/1996,false,LIT,2018,5
958,Angelle,Sexton,03/01/1983,true,LIT,2021,2
959,Devina,Tomaszkiewicz,05/02/2000,false,LIT,2021,2
960,Emily,Drury,05/11/1971,false,LIT,2020,1
961,Shawn,Dockwray,17/06/2002,true,LIT,2020,1
962,Katine,Quarry,21/01/1980,true,LIT,2020,3
963,Lauryn,Beamand,26/04/1974,true,LIT,2022,1
964,Scarface,McAleese,26/02/1973,true,LIT,2020,1
965,Goldia,Oldfield,21/08/1999,false,LIT,2019,2
966,Vanny,Simons,31/08/1996,false,LIT,2021,2
967,Rudie,Upson,14/12/1981,true,LIT,2021,2
968,Philip,Briand,24/12/1983,false,LIT,2017,5
969,Hillard,Lubbock,10/07/1975,true,LIT,2021,1
970,Lon,Veryard,24/04/1997,true,LIT,2020,1
971,Annora,Semper,02/05/1986,true,LIT,2016,5
972,Ashil,McMaster,08/11/1976,true,LIT,2021,1
973,Lenard,Fidoe,17/01/2002,false,LIT,2018,3
974,Vale,Rennox,18/12/1983,true,LIT,2019,4
975,Mitchael,Crowch,02/01/1988,true,LIT,2020,3
976,Elsey,Goodman,03/02/1981,false,LIT,2018,4
977,Erasmus,Kipping,30/01/1982,false,LIT,2019,2
978,Brigham,Proudlock,20/09/1985,true,LIT,2018,4
979,Celestia,Veelers,05/07/1987,false,LIT,2020,2
980,Miguela,Northway,01/12/1999,true,LIT,2020,3
981,Ajay,Page,09/02/1995,false,LIT,2020,2
982,Tymothy,Eppson,03/12/1987,false,LIT,2022,1
983,Batsheva,Brabender,31/03/1998,true,LIT,2018,3
984,Hadria,MacWhirter,30/03/1976,true,LIT,2018,5
985,Dael,Crauford,03/03/1980,true,LIT,2021,2
986,Theadora,Franchi,14/11/1970,true,LIT,2019,3
987,Isadore,Elsbury,14/03/1996,false,LIT,2020,3
988,Justin,Rosthorn,10/11/1986,true,LIT,2016,5
989,Spike,Cossam,06/06/1981,false,LIT,2020,1
990,Ky,Blondel,28/06/1994,false,LIT,2017,4
991,Zacharia,Claussen,20/04/2003,true,LIT,2020,3
992,Howey,Heddan,10/01/1991,true,LIT,2021,2
993,Charlena,Josephoff,11/12/2001,false,LIT,2020,1
994,Kori,Simenot,03/02/1974,false,LIT,2022,1
995,Gael,Sturney,02/08/1989,false,LIT,2019,3
996,Faye,Cleevely,15/11/1989,true,LIT,2018,4
997,Lexi,Greschke,17/07/2001,false,LIT,2017,5
998,Kristine,Adolphine,22/07/1999,true,LIT,2018,3
999,Felipe,Placstone,12/03/1990,false,LIT,2017,5
1000,Barbi,Partrick,05/10/1971,false,LIT,2022,1